{"rec": [[167, "A417", "gld", "A417"], [347, "A417", "gld", "A417"], [598, "A417", "gld", "A417"], [195, "Air Balloon", "gld", "Air Balloon"], [608, "Air Balloon", "gld", "Air Balloon"], [565, "Air Balloon", "gld", "Air Balloon"], [384, "Air Balloon", "gld", "Air Balloon"], [419, "Cirencester", "gld", "Cirencester"], [580, "Cirencester", "gld", "Cirencester"], [737, "Cirencester", "gld", "Cirencester"], [634, "Cirencester", "gld", "Cirencester"], [414, "A429", "gld", "A429"], [514, "A436", "gld", "A436"], [520, "A40", "gld", "A40"], [528, "A429", "gld", "A429"], [754, "Gloucester", "gld", "Gloucester"], [769, "Cheltenham", "gld", "Cheltenham"]], "res": [[167, "A417", "raw", [51.7463, -1.981]], [347, "A417", "raw", [51.7463, -1.981]], [598, "A417", "raw", [51.7463, -1.981]], [195, "Air Balloon", "raw", [51.843347, -2.096459]], [608, "Air Balloon", "raw", [51.843347, -2.096459]], [565, "Air Balloon", "raw", [51.843347, -2.096459]], [384, "Air Balloon", "raw", [51.843347, -2.096459]], [419, "Cirencester", "gns", 2652995], [580, "Cirencester", "gns", 2652995], [737, "Cirencester", "gns", 2652995], [634, "Cirencester", "gns", 2652995], [414, "A429", "raw", [52.021, -1.6864]], [514, "A436", "raw", [51.8782, -2.0308]], [520, "A40", "raw", [51.8782, -2.0308]], [528, "A429", "raw", [52.021, -1.6864]], [754, "Gloucester", "gns", 2648404], [769, "Cheltenham", "gns", 2653261]]}