{"rec": [[112, "Nelson", "gld", "Nelson"], [850, "Nelson", "gld", "Nelson"], [1303, "Nelson", "gld", "Nelson"], [471, "Nelson", "gld", "Nelson"], [294, "Nelson", "gld", "Nelson"], [301, "Creston", "gld", "Creston"], [238, "BC", "gld", "BC"], [465, "BC", "gld", "BC"], [833, "BC", "gld", "BC"], [657, "BC", "gld", "BC"], [1202, "BC", "gld", "BC"], [1717, "BC", "gld", "BC"], [1816, "BC", "gld", "BC"], [1879, "BC", "gld", "BC"], [1967, "BC", "gld", "BC"], [1259, "Castlegar", "gld", "Castlegar"], [1153, "401 - 333 Victoria St", "gld", "401 - 333 Victoria St"], [2091, "BC", "gld", "BC"]], "res": [[112, "Nelson", "gns", 6086871], [850, "Nelson", "gns", 6086871], [1303, "Nelson", "gns", 6086871], [471, "Nelson", "gns", 6086871], [294, "Nelson", "gns", 6086871], [301, "Creston", "gns", 5932311], [238, "BC", "gns", 6086871], [465, "BC", "gns", 6086871], [833, "BC", "gns", 5909050], [657, "BC", "gns", 5909050], [1202, "BC", "gns", 5909050], [1717, "BC", "gns", 5909050], [1816, "BC", "gns", 5909050], [1879, "BC", "gns", 5909050], [1967, "BC", "gns", 5909050], [1259, "Castlegar", "gns", 5918118], [1153, "401 - 333 Victoria St", "raw", [49.490844, -117.294749]], [2091, "BC", "gns", 5909050]]}