{"rec": [[210, "Ohio", "gld", "Ohio"], [395, "Poland", "gld", "Poland"], [337, "Valley", "gld", "Valley"], [736, "Valley", "gld", "Valley"]], "res": [[210, "Ohio", "gns", 5165418], [395, "Poland", "gns", 5167196], [337, "Valley", "raw", [39.813231, -83.054829]], [736, "Valley", "raw", [39.813231, -83.054829]]]}